{
  "objectInfo" : {
    "id" : "8DttArWm8Sxcob2p0Sf0ER",
    "name" : "dm_dynamictask",
    "type" : "BATCH_MAPPING",
    "metadata" : {
      "modelVersion" : {
        "major" : 1,
        "minor" : 0
      },
      "repoInfo" : {
        "repoHandle" : "9lwcmmqEosEcP80MevOiKp"
      },
      "contextAttributes" : [ ],
      "additionalInfo" : {
        "description" : "navs",
        "contentType" : "application/json; charset=utf-8",
        "documentState" : "VALID"
      }
    }
  },
  "dataFileExtension" : "dat",
  "objectRefs" : [ {
    "id" : "aby3D7eXJ0klptS9ODgE05",
    "name" : "navs_windows_vm",
    "type" : "AgentGroup",
    "metadata" : {
      "modelVersion" : {
        "major" : 0,
        "minor" : 0
      },
      "repoInfo" : {
        "repoHandle" : "01C8YR25000000000002"
      },
      "contextAttributes" : null,
      "additionalInfo" : {
        "description" : null,
        "contentType" : "JSON",
        "documentState" : "VALID"
      }
    },
    "path" : "/SYS"
  }, {
    "id" : "kLPxGEUDeEGkQT6tmwkh25",
    "name" : "m_dynamic",
    "type" : "DTEMPLATE",
    "metadata" : {
      "modelVersion" : {
        "major" : 0,
        "minor" : 0
      },
      "repoInfo" : {
        "repoHandle" : "01C8YR1700000000001D"
      },
      "contextAttributes" : null,
      "additionalInfo" : {
        "description" : "",
        "contentType" : "JSON",
        "documentState" : "VALID"
      }
    },
    "path" : "/Explore/Default"
  }, {
    "id" : "9mAqoadzeOfbJtlokal3qH",
    "name" : "Navs_Ora_APOLLO",
    "type" : "Connection",
    "metadata" : {
      "modelVersion" : {
        "major" : 0,
        "minor" : 0
      },
      "repoInfo" : {
        "repoHandle" : "01C8YR0B000000000009"
      },
      "contextAttributes" : null,
      "additionalInfo" : {
        "description" : "APOLLO",
        "contentType" : "JSON",
        "documentState" : "COMPLETE"
      }
    },
    "path" : "/SYS"
  } ]
}